<?xml version="1.0" encoding="UTF-8"?>
<project-private xmlns="http://www.netbeans.org/ns/project-private/1">
    <editor-bookmarks xmlns="http://www.netbeans.org/ns/editor-bookmarks/2" lastBookmarkId="0"/>
    <open-files xmlns="http://www.netbeans.org/ns/projectui-open-files/2">
        <group>
            <file>file:/D:/Mayank/IP_Final_Project/src/ip_final_project/Customers.java</file>
            <file>file:/D:/Mayank/IP_Final_Project/src/ip_final_project/Bill.java</file>
            <file>file:/D:/Mayank/IP_Final_Project/src/ip_final_project/Orders.java</file>
            <file>file:/D:/Mayank/IP_Final_Project/src/ip_final_project/Employees.java</file>
            <file>file:/D:/Mayank/IP_Final_Project/src/ip_final_project/Customers_security.java</file>
        </group>
    </open-files>
</project-private>
